{
    "modes": [
        {
            "index": 0,
            "strictly local log-evidence": -51.68592404440221,
            "strictly local log-evidence error": 0.11182559678180996,
            "local log-evidence": -51.68592404440221,
            "local log-evidence error": 0.11182559678180996,
            "mean": [
                -5.611489483115671,
                -2.8565082149985526,
                589.731564639511,
                1686.7700999625763,
                -6.145961480171192,
                -0.045060892816285426,
                -2.3142383182363493,
                -0.33245929754009124,
                0.8681181600273601
            ],
            "sigma": [
                0.5286245682910462,
                1.788558629154314,
                263.0734430839491,
                150.30703600698567,
                1.9935370885575034,
                0.42979718513428933,
                0.9770276527649409,
                0.49622746736020584,
                0.03718165241518191
            ],
            "maximum": [
                -5.6459957278663655,
                -1.8923982502201353,
                649.4577092307898,
                1628.164449990651,
                -6.245278937873907,
                -0.20889980171597,
                -1.0889287053079313,
                -0.33443664652288185,
                0.8915036230558727
            ],
            "maximum a posterior": [
                -5.6459957278663655,
                -1.8923982502201353,
                649.4577092307898,
                1628.164449990651,
                -6.245278937873907,
                -0.20889980171597,
                -1.0889287053079313,
                -0.33443664652288185,
                0.8915036230558727
            ]
        }
    ],
    "nested sampling global log-evidence": -46.60899264337258,
    "nested sampling global log-evidence error": 0.637328021920551,
    "global evidence": -51.68592404440221,
    "global evidence error": 0.11182559678180996,
    "nested importance sampling global log-evidence": -51.68592404440221,
    "nested importance sampling global log-evidence error": 0.11182559678180996,
    "marginals": [
        {
            "median": -5.726531577899855,
            "sigma": 0.184075341425753,
            "1sigma": [
                -5.8798599592449605,
                -5.5117092763934545
            ],
            "2sigma": [
                -6.086214943115941,
                -3.907206988659473
            ],
            "3sigma": [
                -6.2864573637278545,
                -2.2610306838256427
            ],
            "5sigma": [
                -6.860576732874016,
                -0.5961883488665997
            ],
            "q75%": -5.603048241959817,
            "q25%": -5.812566661863369,
            "q99%": -2.5326570292180928,
            "q01%": -6.262427828756109,
            "q90%": -5.346932949448316,
            "q10%": -5.909732682382149
        },
        {
            "median": -2.8641374493596152,
            "sigma": 1.4732516563274651,
            "1sigma": [
                -4.6498586918608735,
                -1.7033553792059435
            ],
            "2sigma": [
                -5.74397752585097,
                2.9606399946093327
            ],
            "3sigma": [
                -5.955429372982994,
                5.372148242815548
            ],
            "5sigma": [
                -5.957633455390444,
                5.996969915231121
            ],
            "q75%": -1.9779645613890335,
            "q25%": -3.799069028803481,
            "q99%": 4.954778337972858,
            "q01%": -5.91150081876146,
            "q90%": -1.348095539049547,
            "q10%": -4.8818244902967045
        },
        {
            "median": 588.5886252075402,
            "sigma": 311.7024572706506,
            "1sigma": [
                276.2698461840569,
                899.674760725358
            ],
            "2sigma": [
                89.30666420399972,
                983.7101694236051
            ],
            "3sigma": [
                3.7226801107225405,
                997.2717336134472
            ],
            "5sigma": [
                3.4699405724249393,
                997.9668207905797
            ],
            "q75%": 833.309415082847,
            "q25%": 430.89910794670794,
            "q99%": 992.9372045637645,
            "q01%": 37.07600907630473,
            "q90%": 931.2779473958988,
            "q10%": 215.9534037642122
        },
        {
            "median": 1677.5568983281876,
            "sigma": 131.64292198330406,
            "1sigma": [
                1544.2395024794494,
                1807.5253464460575
            ],
            "2sigma": [
                1405.0528336776579,
                2048.9369188424685
            ],
            "3sigma": [
                1291.9297347364102,
                2342.298486650985
            ],
            "5sigma": [
                1281.3310637171596,
                2744.7560503581585
            ],
            "q75%": 1771.792188398943,
            "q25%": 1594.1842380347841,
            "q99%": 2133.9047044758236,
            "q01%": 1370.671181748869,
            "q90%": 1851.3283098103097,
            "q10%": 1496.1710131121113
        },
        {
            "median": -6.24560693081024,
            "sigma": 2.054655122553807,
            "1sigma": [
                -8.349285847006815,
                -4.239975601899201
            ],
            "2sigma": [
                -8.846093289458244,
                -1.6769504331868665
            ],
            "3sigma": [
                -8.925401412651507,
                -0.34902848270954767
            ],
            "5sigma": [
                -8.93152720667772,
                -0.1164992626566213
            ],
            "q75%": -4.826418048673912,
            "q25%": -7.954171502759769,
            "q99%": -0.6553874850174853,
            "q01%": -8.905704143360984,
            "q90%": -3.5011641624561594,
            "q10%": -8.615233520170495
        },
        {
            "median": -0.10239766021199494,
            "sigma": 0.43592552965158793,
            "1sigma": [
                -0.4737306317075697,
                0.3981204275956062
            ],
            "2sigma": [
                -0.819503111424589,
                0.7381856061800595
            ],
            "3sigma": [
                -0.9591308380481706,
                0.9642152014895511
            ],
            "5sigma": [
                -0.9601190758330032,
                0.9648119404506754
            ],
            "q75%": 0.24760606395328028,
            "q25%": -0.34933998016761314,
            "q99%": 0.9307656744294893,
            "q01%": -0.9534422710409438,
            "q90%": 0.5715616699886176,
            "q10%": -0.6226254522316842
        },
        {
            "median": -2.274571876906568,
            "sigma": 1.1144715442986062,
            "1sigma": [
                -3.3343360731765226,
                -1.1053929845793105
            ],
            "2sigma": [
                -3.8352658655893683,
                -0.34314855888567375
            ],
            "3sigma": [
                -3.9812901990287335,
                0.38037608682222557
            ],
            "5sigma": [
                -3.9816218394475706,
                0.5475500186856624
            ],
            "q75%": -1.570154430405372,
            "q25%": -3.0904085536619803,
            "q99%": -0.0032748254629588833,
            "q01%": -3.9765577182826073,
            "q90%": -0.9859462663481401,
            "q10%": -3.6277469810317022
        },
        {
            "median": -0.4048418387117535,
            "sigma": 0.4189624856629852,
            "1sigma": [
                -0.7617547138724783,
                0.07617025745349221
            ],
            "2sigma": [
                -1.1652103865403902,
                0.8541456234479408
            ],