{
    "modes": [
        {
            "index": 0,
            "strictly local log-evidence": -3.8404346665925457,
            "strictly local log-evidence error": 0.1606041973269417,
            "local log-evidence": -3.8404346665925457,
            "local log-evidence error": 0.1606041973269417,
            "mean": [
                -6.170341638549076,
                -0.17980401439033109,
                508.405522830236,
                2486.5574700953457,
                -3.2730278987914336,
                0.03099909820727732,
                -1.512949792589389,
                0.8429601924643899,
                0.7312677697899616
            ],
            "sigma": [
                2.1893050347763845,
                3.4474637062012357,
                268.43299508258076,
                700.4306083754706,
                3.636154272160692,
                0.4962916047925276,
                1.3508528315116108,
                1.160190878385271,
                0.3812721513837541
            ],
            "maximum": [
                -7.758118288800789,
                -5.211094398271479,
                545.024711047786,
                3119.8904075345154,
                -8.503943976375295,
                -0.15617020081629052,
                -0.19840614346710117,
                0.13912860093913038,
                0.9442747385370232
            ],
            "maximum a posterior": [
                -7.985871969386765,
                -3.575770076669423,
                778.9437171134591,
                3417.975676522187,
                -2.588544124282606,
                0.7576902635728078,
                -1.2213581867672034,
                0.39936033269870097,
                0.21035688342322043
            ]
        }
    ],
    "nested sampling global log-evidence": -2.254735775379611,
    "nested sampling global log-evidence error": 0.11875830683549309,
    "global evidence": -3.8404346665925457,
    "global evidence error": 0.1606041973269417,
    "nested importance sampling global log-evidence": -3.8404346665925457,
    "nested importance sampling global log-evidence error": 0.1606041973269417,
    "marginals": [
        {
            "median": -6.450110364909647,
            "sigma": 2.264808192331558,
            "1sigma": [
                -8.503818282956573,
                -3.974201898293456
            ],
            "2sigma": [
                -9.594219678710802,
                -1.609869570183616
            ],
            "3sigma": [
                -9.95349226533316,
                -0.4928486552082426
            ],
            "5sigma": [
                -9.95349226533316,
                -0.48132667158460507
            ],
            "q75%": -4.519193643803187,
            "q25%": -7.918925700205973,
            "q99%": -0.902354380720056,
            "q01%": -9.71576496344656,
            "q90%": -3.2329136064801003,
            "q10%": -8.888821594742483
        },
        {
            "median": 0.042392915370050986,
            "sigma": 4.13979002348939,
            "1sigma": [
                -4.531928357779811,
                3.7476516891989675
            ],
            "2sigma": [
                -5.736078420481525,
                5.5900482686514215
            ],
            "3sigma": [
                -5.999767910896519,
                5.971425294145173
            ],
            "5sigma": [
                -5.999767910896519,
                5.973761197082532
            ],
            "q75%": 2.48672286721131,
            "q25%": -3.460298600442774,
            "q99%": 5.69570954640531,
            "q01%": -5.870951117315369,
            "q90%": 4.619393397274676,
            "q10%": -4.9589129280680835
        },
        {
            "median": 530.718812028688,
            "sigma": 306.18859990860796,
            "1sigma": [
                177.03292781200932,
                789.4101276292253
            ],
            "2sigma": [
                55.71196797433745,
                956.3709777873188
            ],
            "3sigma": [
                0.7686018943786621,
                998.3940364623386
            ],
            "5sigma": [
                0.7686018943786621,
                998.9162153120838
            ],
            "q75%": 726.547746393946,
            "q25%": 266.04106992969315,
            "q99%": 989.0237196809417,
            "q01%": 27.806306167717278,
            "q90%": 862.8129144570681,
            "q10%": 124.07206113619299
        },
        {
            "median": 2691.007284254532,
            "sigma": 793.000751973939,
            "1sigma": [
                1599.3555487934827,
                3185.357052741361
            ],
            "2sigma": [
                1093.0023485239622,
                3358.3860190611877
            ],
            "3sigma": [
                1015.7012045383453,
                3474.940875291263
            ],
            "5sigma": [
                1015.7012045383453,
                3475.1644829598
            ],
            "q75%": 3095.7588779567795,
            "q25%": 1906.4484864061135,
            "q99%": 3429.4854536423672,
            "q01%": 1072.1685772260075,
            "q90%": 3240.4785885743463,
            "q10%": 1380.5025492779093
        },
        {
            "median": -3.691175206514956,
            "sigma": 3.735644891973886,
            "1sigma": [
                -7.198580965553508,
                0.2727088183942638
            ],
            "2sigma": [
                -8.700466743685517,
                4.774737313275414
            ],
            "3sigma": [
                -8.944549798965454,
                5.7150924842116755
            ],
            "5sigma": [
                -8.944549798965454,
                5.7479686458362345
            ],
            "q75%": -0.954278207785838,
            "q25%": -5.978767932444043,
            "q99%": 5.279194270732326,
            "q01%": -8.902161512533437,
            "q90%": 2.207163608049868,
            "q10%": -7.950447303645852
        },
        {
            "median": -0.009060689573988588,
            "sigma": 0.5565383696651598,
            "1sigma": [
                -0.5023493143301566,
                0.610727425000163
            ],
            "2sigma": [
                -0.9114432894778044,
                0.9021811611289965
            ],
            "3sigma": [
                -0.9970565739543408,
                0.9996580208337253
            ],
            "5sigma": [
                -0.9974923133850098,
                0.9998951328684546
            ],
            "q75%": 0.4312603983084628,
            "q25%": -0.33644207061841375,
            "q99%": 0.9639088668313722,
            "q01%": -0.9553382651667328,
            "q90%": 0.7417831282229734,
            "q10%": -0.6765085592439716
        },
        {
            "median": -1.4610592357889678,
            "sigma": 1.504894662313125,
            "1sigma": [
                -3.108066673813706,
                -0.09827734918745638
            ],
            "2sigma": [
                -3.9107580407748475,
                0.8353259987802104
            ],
            "3sigma": [
                -3.9945045716584704,
                0.956963051547073
            ],
            "5sigma": [
                -3.99869193940708,
                0.9777983011777871
            ],
            "q75%": -0.4905311507028758,
            "q25%": -2.677574800582386,
            "q99%": 0.9132565889256625,
            "q01%": -3.938409738275024,
            "q90%": 0.37581735931723476,
            "q10%": -3.3390734387252046
        },
        {
            "median": 0.897072012887091,
            "sigma": 1.309274698644948,
            "1sigma": [
                -0.49298482938168403,
                2.125564567908212
            ],
            "2sigma": [
                -1.3926810831267227,
                2.7090526020229784
            ],