{
    "modes": [
        {
            "index": 0,
            "strictly local log-evidence": -8.406057725646154,
            "strictly local log-evidence error": 0.17655992228024536,
            "local log-evidence": -8.406057725646154,
            "local log-evidence error": 0.17655992228024536,
            "mean": [
                -5.621428734844192,
                -1.774281971107275,
                485.9009491361265,
                2102.8755829639663,
                -2.895668709361014,
                0.1464581303203966,
                -1.6494175863193554,
                -5.725344309761511,
                -3.454204739619021,
                -5.273967254511482,
                -5.202589804232127,
                -4.651654306452865,
                -4.9339387772825125
            ],
            "sigma": [
                1.8069187688261428,
                2.7320938149035503,
                231.26894921958046,
                481.42913711472687,
                3.19869317528323,
                0.4279063156907404,
                1.2477799785175996,
                2.149866734224604,
                1.8642874310934667,
                2.494464978875408,
                2.51449703260157,
                2.5178241971354316,
                2.6863073603341188
            ],
            "maximum": [
                -6.275240378363051,
                -4.121045561915379,
                715.9726312006113,
                1975.5296088457221,
                -5.411441126969672,
                -0.07541572321882506,
                -2.8284329621171556,
                -4.598175414188301,
                -2.886383009084966,
                -3.284224839559479,
                -6.272919628372992,
                -8.326622956098827,
                -4.870187712748074
            ],
            "maximum a posterior": [
                -6.867193297560847,
                -3.9459911096917732,
                721.2992716627609,
                2267.986492845659,
                -2.3638697841117455,
                0.055806272510143806,
                0.9421805630013136,
                -4.463608916529781,
                -3.840565903611701,
                -7.367646409019125,
                -5.582679549842842,
                -3.797426835681673,
                -6.809075403800976
            ]
        }
    ],
    "nested sampling global log-evidence": -4.7410758431936575,
    "nested sampling global log-evidence error": 0.15103623101973063,
    "global evidence": -8.406057725646154,
    "global evidence error": 0.17655992228024536,
    "nested importance sampling global log-evidence": -8.406057725646154,
    "nested importance sampling global log-evidence error": 0.17655992228024536,
    "marginals": [
        {
            "median": -5.960135238157577,
            "sigma": 1.7037167461190557,
            "1sigma": [
                -7.147419116875084,
                -3.7399856246369727
            ],
            "2sigma": [
                -8.823192307399506,
                -1.4336435046637375
            ],
            "3sigma": [
                -9.93948838447211,
                -0.351333222155563
            ],
            "5sigma": [
                -9.976629784124908,
                -0.06622444386695663
            ],
            "q75%": -4.4779698991815655,
            "q25%": -6.655610260675127,
            "q99%": -0.7931236892844491,
            "q01%": -9.471990056038033,
            "q90%": -3.0667365379726634,
            "q10%": -7.731058066494404
        },
        {
            "median": -2.134312048785835,
            "sigma": 2.8028105335527522,
            "1sigma": [
                -4.524679872658842,
                1.080941194446662
            ],
            "2sigma": [
                -5.718220040221577,
                4.841894773137413
            ],
            "3sigma": [
                -5.980894404219885,
                5.922840136934305
            ],
            "5sigma": [
                -5.986528158187866,
                5.940541744409368
            ],
            "q75%": -0.3642786770881657,
            "q25%": -3.9024600208153104,
            "q99%": 5.519646475922987,
            "q01%": -5.904304202351374,
            "q90%": 2.3967894832625323,
            "q10%": -5.100812684663396
        },
        {
            "median": 471.9436214578197,
            "sigma": 254.09824199397872,
            "1sigma": [
                233.04942482777838,
                741.2459088157358
            ],
            "2sigma": [
                87.44749182076134,
                935.6588820200235
            ],
            "3sigma": [
                2.5975558223361137,
                988.9956932507026
            ],
            "5sigma": [
                2.5975558223361137,
                989.984208998889
            ],
            "q75%": 641.8683566287386,
            "q25%": 320.7080178652399,
            "q99%": 970.2665919468316,
            "q01%": 15.90422016413335,
            "q90%": 806.471527680788,
            "q10%": 176.1300805871271
        },
        {
            "median": 2113.9826446422176,
            "sigma": 480.50864744469493,
            "1sigma": [
                1608.9042280309643,
                2569.921522920354
            ],
            "2sigma": [
                1141.2263714814255,
                3022.315300190476
            ],
            "3sigma": [
                1001.7871364515003,
                3463.9624605844333
            ],
            "5sigma": [
                1001.7871364515003,
                3471.881946270866
            ],
            "q75%": 2427.3646248501777,
            "q25%": 1773.0201116318706,
            "q99%": 3351.735493128899,
            "q01%": 1072.1492861221927,
            "q90%": 2718.0100833363254,
            "q10%": 1433.6753944497063
        },
        {
            "median": -3.147647583259109,
            "sigma": 3.142378678702337,
            "1sigma": [
                -6.258067935082445,
                0.026689422322228592
            ],
            "2sigma": [
                -8.573032868087067,
                4.6848390035208896
            ],
            "3sigma": [
                -8.987792132490869,
                5.466758065442291
            ],
            "5sigma": [
                -8.996671378612518,
                5.722466130412739
            ],
            "q75%": -0.9048450443948766,
            "q25%": -5.014891396106718,
            "q99%": 5.351348745736368,
            "q01%": -8.817506569259779,
            "q90%": 1.3013212733281438,
            "q10%": -7.122614617331939
        },
        {
            "median": 0.20443595513868904,
            "sigma": 0.4333996918408175,
            "1sigma": [
                -0.2863629549131358,
                0.5804364287684992
            ],
            "2sigma": [
                -0.8383309942228147,
                0.8535311641911137
            ],
            "3sigma": [
                -0.992734752099506,
                0.9888511105375917
            ],
            "5sigma": [
                -0.9940549821443172,
                0.9995984984592953
            ],
            "q75%": 0.44281148690590716,
            "q25%": -0.09726650074880279,
            "q99%": 0.9337533505627358,
            "q01%": -0.9364459918206777,
            "q90%": 0.6585154913463093,
            "q10%": -0.47645738679677946
        },
        {
            "median": -1.6460860366003,
            "sigma": 1.3987726713075928,
            "1sigma": [
                -3.0253412715189385,
                -0.2277959289037531
            ],
            "2sigma": [
                -3.7891006298876246,
                0.7336730834679763
            ],
            "3sigma": [
                -3.953094094339277,
                0.9754587848762228
            ],
            "5sigma": [
                -3.9947693943977356,
                0.980257378392069
            ],