{
    "modes": [
        {
            "index": 0,
            "strictly local log-evidence": -9.357443738066381,
            "strictly local log-evidence error": 0.1108808930157273,
            "local log-evidence": -9.357443738066381,
            "local log-evidence error": 0.1108808930157273,
            "mean": [
                -8.679387060993863,
                -2.7875220844921405,
                513.6459182562922,
                2678.3515834710843,
                -2.8657839357229773,
                0.525297864998029,
                -1.5574142656037921,
                -5.529241930761278,
                -3.01651810354912,
                -4.991946432680701
            ],
            "sigma": [
                0.908387207529122,
                1.9036049320844144,
                272.33165856534686,
                240.44120290805975,
                1.9002716550635015,
                0.30275190843524574,
                1.3320909644696608,
                2.467153619651284,
                2.2095177594589503,
                2.697144665697373
            ],
            "maximum": [
                -8.655085240961125,
                -3.276565562281367,
                480.40120145296044,
                3195.7817206559316,
                -3.160847180083259,
                0.43846897104101434,
                -2.0073960679566483,
                -1.1830850109047137,
                -0.7574262766463917,
                -2.45683499728052
            ],
            "maximum a posterior": [
                -8.655085240961125,
                -3.276565562281367,
                480.40120145296044,
                3195.7817206559316,
                -3.160847180083259,
                0.43846897104101434,
                -2.0073960679566483,
                -1.1830850109047137,
                -0.7574262766463917,
                -2.45683499728052
            ]
        }
    ],
    "nested sampling global log-evidence": -7.003839053757224,
    "nested sampling global log-evidence error": 0.13101599229081784,
    "global evidence": -9.357443738066381,
    "global evidence error": 0.1108808930157273,
    "nested importance sampling global log-evidence": -9.357443738066381,
    "nested importance sampling global log-evidence error": 0.1108808930157273,
    "marginals": [
        {
            "median": -8.80081269558759,
            "sigma": 0.6300025293142744,
            "1sigma": [
                -9.408304172290682,
                -8.148299113662134
            ],
            "2sigma": [
                -9.869087783986949,
                -6.266588426341103
            ],
            "3sigma": [
                -9.983572269458838,
                -2.602398595299421
            ],
            "5sigma": [
                -9.992670135112196,
                -0.6254271047781131
            ],
            "q75%": -8.436770258782653,
            "q25%": -9.209868511562174,
            "q99%": -5.1810479573172366,
            "q01%": -9.936556397126838,
            "q90%": -7.77698554099908,
            "q10%": -9.580965453889808
        },
        {
            "median": -2.8835421248318087,
            "sigma": 2.064757479447966,
            "1sigma": [
                -4.9086496778041715,
                -0.7791347189082396
            ],
            "2sigma": [
                -5.730215398047625,
                0.21990848069645513
            ],
            "3sigma": [
                -5.997188600508762,
                5.638401435797521
            ],
            "5sigma": [
                -5.999174496283663,
                5.993802655613933
            ],
            "q75%": -1.3201902530150833,
            "q25%": -4.247010663377895,
            "q99%": 3.4939533131456875,
            "q01%": -5.898466688273133,
            "q90%": -0.4183102928783301,
            "q10%": -5.209913984954852
        },
        {
            "median": 509.718217269404,
            "sigma": 313.92821830847834,
            "1sigma": [
                199.7603336534213,
                827.616770270378
            ],
            "2sigma": [
                43.22695107142476,
                964.3248473911283
            ],
            "3sigma": [
                4.101471673384301,
                996.4180843934192
            ],
            "5sigma": [
                1.5213197782540309,
                997.6704825713733
            ],
            "q75%": 747.2438157965036,
            "q25%": 290.0911936577975,
            "q99%": 986.2125479382001,
            "q01%": 19.20923577340131,
            "q90%": 886.986511637001,
            "q10%": 135.80184189291438
        },
        {
            "median": 2680.3152709010174,
            "sigma": 199.50468066797657,
            "1sigma": [
                2487.137579533136,
                2886.146940869089
            ],
            "2sigma": [
                2179.22203188438,
                3128.665547937289
            ],
            "3sigma": [
                1272.642491972516,
                3338.7851486079535
            ],
            "5sigma": [
                1001.1923903536485,
                3474.7408898512545
            ],
            "q75%": 2814.801675068498,
            "q25%": 2555.6733078614393,
            "q99%": 3200.9234252292413,
            "q01%": 1904.1298951625427,
            "q90%": 2976.353471308048,
            "q10%": 2412.8538141589456
        },
        {
            "median": -2.8667209787470793,
            "sigma": 1.9065282602271687,
            "1sigma": [
                -4.75677147916051,
                -0.9437149587061726
            ],
            "2sigma": [
                -6.841197552324405,
                0.2225360535721949
            ],
            "3sigma": [
                -8.880399402015541,
                4.747515371141566
            ],
            "5sigma": [
                -8.986579541752278,
                5.944743213150606
            ],
            "q75%": -1.402491517538001,
            "q25%": -4.170668695961981,
            "q99%": 1.323651427278267,
            "q01%": -7.99925742100331,
            "q90%": -0.6032450483704994,
            "q10%": -5.169435005069507
        },
        {
            "median": 0.5406295692065515,
            "sigma": 0.28122295990592616,
            "1sigma": [
                0.2669746602798529,
                0.8294205800917052
            ],
            "2sigma": [
                -0.22997383673472485,
                0.961957143301934
            ],
            "3sigma": [
                -0.9060388807864042,
                0.9989460216351657
            ],
            "5sigma": [
                -0.9841467308090925,
                0.9999778084619307
            ],
            "q75%": 0.7511216753266565,
            "q25%": 0.34434847148395925,
            "q99%": 0.9787649258468125,
            "q01%": -0.6075346946868364,
            "q90%": 0.8851464026359372,
            "q10%": 0.21367666049306988
        },
        {
            "median": -1.6044498885804053,
            "sigma": 1.5266638012174854,
            "1sigma": [
                -3.0699863937503524,
                -0.016658791315381546
            ],
            "2sigma": [
                -3.819813667555684,
                0.8090955864757055
            ],
            "3sigma": [
                -3.989078259724689,
                0.9932807433717834
            ],
            "5sigma": [
                -3.992276860754166,
                0.9994339220091037
            ],
            "q75%": -0.4646387388151204,
            "q25%": -2.6414682371067384,
            "q99%": 0.9213372300967239,
            "q01%": -3.9111764015085564,
            "q90%": 0.30725857266892503,
            "q10%": -3.3513818227739565
        },
        {
            "median": -5.6812653061219525,
            "sigma": 2.8164300663103825,
            "1sigma": [
                -8.317115930992475,
                -2.68425579837171
            ],