{
    "modes": [
        {
            "index": 0,
            "strictly local log-evidence": -8.067441394228767,
            "strictly local log-evidence error": 0.23745032790262344,
            "local log-evidence": -8.067441394228767,
            "local log-evidence error": 0.23745032790262344,
            "mean": [
                -5.432471506258124,
                -2.059395375937771,
                469.1704798611615,
                2089.4325813631485,
                -2.151568018384477,
                0.08409572101607336,
                -1.7281878678601825,
                1.0346071759866364,
                0.6544954976212137
            ],
            "sigma": [
                1.9235761328407317,
                2.2909787528268017,
                246.91010732131565,
                602.5678206426657,
                3.447133792094631,
                0.4698401618000998,
                1.276098791982328,
                1.1851296494500738,
                0.2656621607018984
            ],
            "maximum": [
                -5.003827316225559,
                -3.275838041141797,
                885.0062535977779,
                1124.4860585239178,
                2.402287971047377,
                -0.40147958341673184,
                -2.3846172343481866,
                1.2847996103403458,
                0.8967154256062914
            ],
            "maximum a posterior": [
                -5.003827316225559,
                -3.275838041141797,
                885.0062535977779,
                1124.4860585239178,
                2.402287971047377,
                -0.40147958341673184,
                -2.3846172343481866,
                1.2847996103403458,
                0.8967154256062914
            ]
        }
    ],
    "nested sampling global log-evidence": -6.054913231474204,
    "nested sampling global log-evidence error": 0.19262030383451112,
    "global evidence": -8.067441394228767,
    "global evidence error": 0.23745032790262344,
    "nested importance sampling global log-evidence": -8.067441394228767,
    "nested importance sampling global log-evidence error": 0.23745032790262344,
    "marginals": [
        {
            "median": -5.251558425263132,
            "sigma": 2.0912426321500757,
            "1sigma": [
                -7.631854298902336,
                -3.4493690346021846
            ],
            "2sigma": [
                -9.35459524729881,
                -2.188188133242607
            ],
            "3sigma": [
                -9.987744019629769,
                -0.8269240483053835
            ],
            "5sigma": [
                -9.987744019629769,
                -0.10614400652579385
            ],
            "q75%": -3.9807338356039366,
            "q25%": -6.631689934418892,
            "q99%": -1.8357618197667975,
            "q01%": -9.795938812886174,
            "q90%": -3.123918007258979,
            "q10%": -8.34064746565983
        },
        {
            "median": -2.238053436061745,
            "sigma": 2.002302643045655,
            "1sigma": [
                -4.328383588737411,
                -0.32377830264610064
            ],
            "2sigma": [
                -5.460329250884997,
                4.484679828159294
            ],
            "3sigma": [
                -5.980864607568428,
                5.840506794458666
            ],
            "5sigma": [
                -5.980864607568428,
                5.9736772086675884
            ],
            "q75%": -0.9910477288544272,
            "q25%": -3.6482878265609187,
            "q99%": 5.113717363929072,
            "q01%": -5.6986531580363975,
            "q90%": 0.17710942534135987,
            "q10%": -4.741736840996058
        },
        {
            "median": 457.95526675178513,
            "sigma": 277.1677229891423,
            "1sigma": [
                193.96378850558037,
                748.299234483865
            ],
            "2sigma": [
                53.58367227551782,
                932.5265532840649
            ],
            "3sigma": [
                4.433561549463688,
                994.6747785371361
            ],
            "5sigma": [
                3.643628700836004,
                997.49771657429
            ],
            "q75%": 667.6665681676078,
            "q25%": 273.18047494181167,
            "q99%": 965.1509589995086,
            "q01%": 24.940530202298046,
            "q90%": 811.6772158394264,
            "q10%": 129.67015815315406
        },
        {
            "median": 2099.030493566926,
            "sigma": 681.7395123516072,
            "1sigma": [
                1410.2014676203091,
                2773.6804923235236
            ],
            "2sigma": [
                1124.3492490051315,
                3149.4905941535317
            ],
            "3sigma": [
                1015.747662483711,
                3464.6198542347374
            ],
            "5sigma": [
                1015.2793077552979,
                3475.2548147603266
            ],
            "q75%": 2552.8335451530293,
            "q25%": 1569.43667001414,
            "q99%": 3346.0555633950344,
            "q01%": 1061.753508092504,
            "q90%": 2905.005018732329,
            "q10%": 1305.1619977953847
        },
        {
            "median": -2.9153770637359355,
            "sigma": 3.7056132856924853,
            "1sigma": [
                -5.252662639059621,
                2.158563932325349
            ],
            "2sigma": [
                -7.928581183696923,
                4.939400354900473
            ],
            "3sigma": [
                -8.931160467150118,
                5.929091669264855
            ],
            "5sigma": [
                -8.947197787917107,
                5.93425242177912
            ],
            "q75%": 0.4256451898750026,
            "q25%": -4.497341869429302,
            "q99%": 5.622272304429285,
            "q01%": -8.850602139731386,
            "q90%": 3.121298673826151,
            "q10%": -6.335934228317384
        },
        {
            "median": 0.08771282826402191,
            "sigma": 0.5180639303280499,
            "1sigma": [
                -0.42486526663510044,
                0.6112625940209993
            ],
            "2sigma": [
                -0.827130593019558,
                0.8984637056054565
            ],
            "3sigma": [
                -0.9974853631272109,
                0.9950734852829355
            ],
            "5sigma": [
                -0.9977183437521611,
                0.9954553746219191
            ],
            "q75%": 0.48023334290120695,
            "q25%": -0.27778070850587366,
            "q99%": 0.9579517211806341,
            "q01%": -0.9204374321128345,
            "q90%": 0.7177570201307518,
            "q10%": -0.5379390982561394
        },
        {
            "median": -1.8116569530581856,
            "sigma": 1.4071942371156527,
            "1sigma": [
                -3.0774645851726103,
                -0.26307611094130495
            ],
            "2sigma": [
                -3.856421215819077,
                0.7454730996377176
            ],
            "3sigma": [
                -3.996503479054259,
                0.9368757900021457
            ],
            "5sigma": [
                -3.9986868257788184,
                0.9983612835078598
            ],
            "q75%": -0.7166545288002375,
            "q25%": -2.8006517791583723,
            "q99%": 0.8961120924876094,
            "q01%": -3.9284198122426353,
            "q90%": 0.11510731759649154,
            "q10%": -3.35151495771203
        },
        {
            "median": 1.1916188189444041,
            "sigma": 1.3489240269834566,
            "1sigma": [
                -0.3988507345701588,
                2.2989973193967543
            ],
            "2sigma": [
                -1.21028209658114,
                2.877668571878067
            ],