{
    "modes": [
        {
            "index": 0,
            "strictly local log-evidence": -105.2930770153759,
            "strictly local log-evidence error": 0.06594349766249584,
            "local log-evidence": -105.2930770153759,
            "local log-evidence error": 0.06594349766249584,
            "mean": [
                -6.567057290142539,
                1.185036856489465,
                254.6049706951249,
                3391.5119870337076,
                -0.895601270726224,
                0.6675308770180245,
                -1.5895532345516947,
                -3.468836617136795,
                -8.134779980667576,
                -0.6788854085329089
            ],
            "sigma": [
                2.662087413456755,
                3.9558405736346627,
                259.36780405436343,
                34.76945913230948,
                0.2569344271380123,
                0.13151348821602152,
                1.3684408005029551,
                0.25383749178285975,
                1.0633684653231854,
                0.4226126980389816
            ],
            "maximum": [
                -6.178811392761741,
                5.851821911818128,
                44.30433721660381,
                3418.2001272408934,
                -0.9017059378474688,
                0.8507431992714101,
                -1.7782198378225136,
                -3.5784283456275476,
                -7.39788838538775,
                -0.6806339911189276
            ],
            "maximum a posterior": [
                -6.178811392761741,
                5.851821911818128,
                44.30433721660381,
                3418.2001272408934,
                -0.9017059378474688,
                0.8507431992714101,
                -1.7782198378225136,
                -3.5784283456275476,
                -7.39788838538775,
                -0.6806339911189276
            ]
        }
    ],
    "nested sampling global log-evidence": -102.53564635693726,
    "nested sampling global log-evidence error": 0.23275198862738095,
    "global evidence": -105.2930770153759,
    "global evidence error": 0.06594349766249584,
    "nested importance sampling global log-evidence": -105.2930770153759,
    "nested importance sampling global log-evidence error": 0.06594349766249584,
    "marginals": [
        {
            "median": -5.925325012849071,
            "sigma": 2.9704690714885364,
            "1sigma": [
                -9.77113980202087,
                -3.830201659043798
            ],
            "2sigma": [
                -9.961121208829999,
                -1.938373814577361
            ],
            "3sigma": [
                -9.997017773637628,
                -0.8615187288181595
            ],
            "5sigma": [
                -9.999662670062115,
                -0.6859191448008962
            ],
            "q75%": -4.424238428073562,
            "q25%": -9.631794550449195,
            "q99%": -1.538010897174509,
            "q01%": -9.984703969055488,
            "q90%": -3.313857748610739,
            "q10%": -9.858324939781935
        },
        {
            "median": 2.7565223995683357,
            "sigma": 4.577067668721545,
            "1sigma": [
                -3.9560622210029837,
                5.198073116440106
            ],
            "2sigma": [
                -5.7084563706492,
                5.8697551958802485
            ],
            "3sigma": [
                -5.981187153832663,
                5.985269814337689
            ],
            "5sigma": [
                -5.998423462134453,
                5.999707168572808
            ],
            "q75%": 4.666797336045646,
            "q25%": -2.8847180004779536,
            "q99%": 5.953294749792439,
            "q01%": -5.9132352883348505,
            "q90%": 5.511154966784567,
            "q10%": -4.628491342145831
        },
        {
            "median": 152.03030227224122,
            "sigma": 261.5041923462915,
            "1sigma": [
                31.233783973008133,
                554.2421686655912
            ],
            "2sigma": [
                5.702373958431789,
                894.2532022408847
            ],
            "3sigma": [
                0.4384820947363997,
                997.7602129780909
            ],
            "5sigma": [
                0.049653081064840926,
                999.2066004717537
            ],
            "q75%": 386.15452737254424,
            "q25%": 54.90695161865627,
            "q99%": 971.7937262073142,
            "q01%": 2.534394388617056,
            "q90%": 700.1474470250013,
            "q10%": 19.632845078920937
        },
        {
            "median": 3393.5959786614917,
            "sigma": 32.479492190502924,
            "1sigma": [
                3359.438663806003,
                3424.397648187009
            ],
            "2sigma": [
                3322.033296681219,
                3454.005956772761
            ],
            "3sigma": [
                3259.480188407692,
                3483.794278626487
            ],
            "5sigma": [
                2796.955150968061,
                3498.2886139008483
            ],
            "q75%": 3413.800520768185,
            "q25%": 3370.1303151384886,
            "q99%": 3464.326198956364,
            "q01%": 3306.9289468865463,
            "q90%": 3433.380118138707,
            "q10%": 3349.8733414517783
        },
        {
            "median": -0.8686387361160572,
            "sigma": 0.2424107465957317,
            "1sigma": [
                -1.1322550831380571,
                -0.6474335899465937
            ],
            "2sigma": [
                -1.4584773331945062,
                -0.4780551056856755
            ],
            "3sigma": [
                -1.9162299040821076,
                -0.29422215129404683
            ],
            "5sigma": [
                -2.352294514900603,
                0.06148338203235458
            ],
            "q75%": -0.7232731857843707,
            "q25%": -1.0490833107732767,
            "q99%": -0.3967738745248111,
            "q01%": -1.66195480329197,
            "q90%": -0.591712808747546,
            "q10%": -1.2258050893068297
        },
        {
            "median": 0.6436213267185564,
            "sigma": 0.14899465937214434,
            "1sigma": [
                0.5269844093708399,
                0.8249737281151286
            ],
            "2sigma": [
                0.47829373423355137,
                0.9190013759212432
            ],
            "3sigma": [
                0.4400067749113655,
                0.9942483534638139
            ],
            "5sigma": [
                0.3878438091788381,
                0.9999429512767066
            ],
            "q75%": 0.7779326101256377,
            "q25%": 0.5524512906298759,
            "q99%": 0.9481186390503622,
            "q01%": 0.46386094194569416,
            "q90%": 0.8577468448489793,
            "q10%": 0.5078969601878803
        },
        {
            "median": -1.6030107355102026,
            "sigma": 1.5967342957660646,
            "1sigma": [
                -3.1878116862905017,
                0.005656905241627387
            ],
            "2sigma": [
                -3.847565882817098,
                0.8353167742033373
            ],
            "3sigma": [
                -3.9914908740257364,
                0.9943181315754596
            ],
            "5sigma": [
                -3.9987150783404433,
                0.9972109754250962
            ],
            "q75%": -0.47525083123134576,
            "q25%": -2.7618394580422074,
            "q99%": 0.9496377592172246,
            "q01%": -3.9438936077884126,
            "q90%": 0.33011790014315073,
            "q10%": -3.443692066335286
        },
        {
            "median": -3.4894236328418855,
            "sigma": 0.25226083629958795,