{
    "modes": [
        {
            "index": 0,
            "strictly local log-evidence": -581590.5346023011,
            "strictly local log-evidence error": 0.059837183043906686,
            "local log-evidence": -581590.5346023011,
            "local log-evidence error": 0.059837183043906686,
            "mean": [
                -4.679952583991439,
                -1.784388882350825,
                61.56448044713291,
                1261.9042983651314,
                0.06374077146239478,
                0.999623270475205,
                -1.2263946930441005,
                -5.77342167460117,
                -7.552264661087376,
                -9.952138453299838
            ],
            "sigma": [
                0.028042448491596657,
                0.02765396908116062,
                23.655367015393473,
                20.007727835740287,
                0.005162889428182343,
                0.00025394513351385914,
                1.234093783221713,
                0.010986012320940933,
                0.00508640654361099,
                0.03041644259137267
            ],
            "maximum": [
                -4.663954382682228,
                -1.8037271786633697,
                40.479407495921244,
                1247.6041746222584,
                0.06183478458165048,
                0.999634452952181,
                0.40649070447320845,
                -5.764286164374856,
                -7.54957924227387,
                -9.984011509366336
            ],
            "maximum a posterior": [
                -4.663954382682228,
                -1.8037271786633697,
                40.479407495921244,
                1247.6041746222584,
                0.06183478458165048,
                0.999634452952181,
                0.40649070447320845,
                -5.764286164374856,
                -7.54957924227387,
                -9.984011509366336
            ]
        }
    ],
    "nested sampling global log-evidence": -581587.530327148,
    "nested sampling global log-evidence error": 1.4398174226626062,
    "global evidence": -581590.5346023011,
    "global evidence error": 0.059837183043906686,
    "nested importance sampling global log-evidence": -581590.5346023011,
    "nested importance sampling global log-evidence error": 0.059837183043906686,
    "marginals": [
        {
            "median": -4.6746658270422135,
            "sigma": 0.026310358767859476,
            "1sigma": [
                -4.705899464291989,
                -4.65327874675627
            ],
            "2sigma": [
                -4.745091369546549,
                -4.642499093093576
            ],
            "3sigma": [
                -4.800010013257587,
                -4.632367827345399
            ],
            "5sigma": [
                -4.901768952350802,
                -4.632251288136226
            ],
            "q75%": -4.659744846861684,
            "q25%": -4.697940031256247,
            "q99%": -4.6337231400684535,
            "q01%": -4.757121365401266,
            "q90%": -4.647470101526345,
            "q10%": -4.719402382797666
        },
        {
            "median": -1.7880792511635624,
            "sigma": 0.027727773832410874,
            "1sigma": [
                -1.8119420475535646,
                -1.7564864998887428
            ],
            "2sigma": [
                -1.8286036747835464,
                -1.7229998455327413
            ],
            "3sigma": [
                -1.8299294522868799,
                -1.684470051825312
            ],
            "5sigma": [
                -1.8299294522868799,
                -1.5571785709907278
            ],
            "q75%": -1.7684929846645583,
            "q25%": -1.8049165671149974,
            "q99%": -1.7140970245765974,
            "q01%": -1.8296797594626086,
            "q90%": -1.7456030194359815,
            "q10%": -1.8175347170386305
        },
        {
            "median": 60.90981544322168,
            "sigma": 23.98319813961001,
            "1sigma": [
                36.68958747729353,
                84.65598375651355
            ],
            "2sigma": [
                19.741558554892983,
                112.9358283338751
            ],
            "3sigma": [
                3.1636310753469123,
                140.9909786812038
            ],
            "5sigma": [
                2.6728116328740783,
                173.44925218237054
            ],
            "q75%": 78.14640219890734,
            "q25%": 44.061566255689534,
            "q99%": 121.57784798824699,
            "q01%": 13.684677122696828,
            "q90%": 91.07729300066782,
            "q10%": 31.133179802536684
        },
        {
            "median": 1258.1655854112153,
            "sigma": 20.575897334822344,
            "1sigma": [
                1241.3425088827628,
                1282.4943035524075
            ],
            "2sigma": [
                1230.1504961414823,
                1306.3930058244857
            ],
            "3sigma": [
                1228.725317905416,
                1336.8825532037586
            ],
            "5sigma": [
                1228.725317905416,
                1438.0197487604833
            ],
            "q75%": 1272.6678642142417,
            "q25%": 1247.5031240791063,
            "q99%": 1313.8964421928767,
            "q01%": 1228.7623957824426,
            "q90%": 1291.0001767878782,
            "q10%": 1238.3473329480873
        },
        {
            "median": 0.06323298149259196,
            "sigma": 0.005194359875140584,
            "1sigma": [
                0.058469879264487275,
                0.06885859901476844
            ],
            "2sigma": [
                0.05454418697858539,
                0.07358839357469776
            ],
            "3sigma": [
                0.04879815163709494,
                0.08170518543770888
            ],
            "5sigma": [
                0.04140964176679386,
                0.08728375456968543
            ],
            "q75%": 0.06692486116611862,
            "q25%": 0.06028335337802473,
            "q99%": 0.07736134487515768,
            "q01%": 0.05263740468845827,
            "q90%": 0.07059831420073223,
            "q10%": 0.05757410530082054
        },
        {
            "median": 0.999647592741114,
            "sigma": 0.0002739778491097078,
            "1sigma": [
                0.999332932173266,
                0.9998808878714854
            ],
            "2sigma": [
                0.9990089703070891,
                0.9999830353169955
            ],
            "3sigma": [
                0.9987459865662278,
                0.9999992434071997
            ],
            "5sigma": [
                0.9983546395250668,
                0.9999996406401888
            ],
            "q75%": 0.9998134349339781,
            "q25%": 0.99948492947027,
            "q99%": 0.9999978086167394,
            "q01%": 0.9988236970064049,
            "q90%": 0.9999339655962391,
            "q10%": 0.999251600567757
        },
        {
            "median": -1.0968453897999682,
            "sigma": 1.374672856552703,
            "1sigma": [
                -2.593586568811268,
                0.155759144294138
            ],
            "2sigma": [
                -3.716434390904304,
                0.7572874433222494
            ],
            "3sigma": [
                -3.9949029272574204,
                0.9510466603244235
            ],
            "5sigma": [
                -3.9949029272574204,
                0.984416753803445
            ],
            "q75%": -0.16896595774455123,
            "q25%": -2.2080307415151643,
            "q99%": 0.7845662245092071,
            "q01%": -3.903436573121583,
            "q90%": 0.3793456798760614,
            "q10%": -3.0220922087596307
        },
        {
            "median": -5.773902873692164,
            "sigma": 0.010613491824039922,