{
    "modes": [
        {
            "index": 0,
            "strictly local log-evidence": -66.56353046026035,
            "strictly local log-evidence error": 0.044494714128065486,
            "local log-evidence": -66.56353046026035,
            "local log-evidence error": 0.044494714128065486,
            "mean": [
                -6.828231998147224,
                0.7577383000552732,
                275.51987739772363,
                3378.870282666921,
                -1.0960411210180037,
                0.8446523660313118,
                -1.4709582617462955,
                -3.472643684633149,
                -7.460009456956213,
                -0.48688774575478816
            ],
            "sigma": [
                2.508970029365701,
                3.743548358850888,
                265.42807979779656,
                36.36572170650679,
                0.21238668710490408,
                0.11544665903006607,
                1.3711556390864037,
                0.2119446781232959,
                1.5300680260988033,
                0.3251379061471679
            ],
            "maximum": [
                -7.101165075575851,
                4.239010903458187,
                246.84311803834802,
                3387.1062516282377,
                -1.380222111585236,
                0.9771787503547515,
                -0.60095371237909,
                -3.2724037017662564,
                -9.502522993297275,
                -0.07699601125644762
            ],
            "maximum a posterior": [
                -7.101165075575851,
                4.239010903458187,
                246.84311803834802,
                3387.1062516282377,
                -1.380222111585236,
                0.9771787503547515,
                -0.60095371237909,
                -3.2724037017662564,
                -9.502522993297275,
                -0.07699601125644762
            ]
        }
    ],
    "nested sampling global log-evidence": -64.09993489598932,
    "nested sampling global log-evidence error": 0.2493046454186928,
    "global evidence": -66.56353046026035,
    "global evidence error": 0.044494714128065486,
    "nested importance sampling global log-evidence": -66.56353046026035,
    "nested importance sampling global log-evidence error": 0.044494714128065486,
    "marginals": [
        {
            "median": -6.177577188827849,
            "sigma": 2.7868613872905774,
            "1sigma": [
                -9.767408192926569,
                -4.193685418345414
            ],
            "2sigma": [
                -9.960771277265243,
                -2.74182516119901
            ],
            "3sigma": [
                -9.997438322498747,
                -2.0514076167422783
            ],
            "5sigma": [
                -9.999585023553179,
                -1.5187744421164713
            ],
            "q75%": -4.696012397079234,
            "q25%": -9.646718747982849,
            "q99%": -2.317729570614299,
            "q01%": -9.979644915466501,
            "q90%": -3.652863783056186,
            "q10%": -9.8533321375322
        },
        {
            "median": 2.0890732970836616,
            "sigma": 4.332254686203537,
            "1sigma": [
                -4.00066202078504,
                4.663847351622035
            ],
            "2sigma": [
                -5.617986171131098,
                5.7362024540751975
            ],
            "3sigma": [
                -5.966779257115164,
                5.982353607715879
            ],
            "5sigma": [
                -5.99092979398176,
                5.999501120992048
            ],
            "q75%": 3.929096555582107,
            "q25%": -2.994195763561285,
            "q99%": 5.884701513324029,
            "q01%": -5.812789216493,
            "q90%": 5.140631636866012,
            "q10%": -4.663048634766441
        },
        {
            "median": 172.9290537417526,
            "sigma": 274.55931135894355,
            "1sigma": [
                40.17943836150101,
                589.2980610793882
            ],
            "2sigma": [
                9.104133974684581,
                928.0520621476518
            ],
            "3sigma": [
                0.19568267786349808,
                997.7777319407908
            ],
            "5sigma": [
                0.14371726125437123,
                998.8310944290312
            ],
            "q75%": 417.5029116089927,
            "q25%": 67.92760093860315,
            "q99%": 973.3944574283985,
            "q01%": 4.217805582380774,
            "q90%": 720.5299688510077,
            "q10%": 26.14676099512838
        },
        {
            "median": 3380.368796026815,
            "sigma": 35.279147609138136,
            "1sigma": [
                3342.799903609394,
                3413.35819882767
            ],
            "2sigma": [
                3306.0162259310246,
                3444.758977045861
            ],
            "3sigma": [
                3213.772207700173,
                3476.852520087006
            ],
            "5sigma": [
                2835.9919976858246,
                3496.3465260361695
            ],
            "q75%": 3403.7618239261087,
            "q25%": 3356.0256051098895,
            "q99%": 3453.449185537203,
            "q01%": 3293.083237142981,
            "q90%": 3424.9972980550115,
            "q10%": 3332.90109359738
        },
        {
            "median": -1.0961781416765146,
            "sigma": 0.21934223214755488,
            "1sigma": [
                -1.3149698562681875,
                -0.8762853919730778
            ],
            "2sigma": [
                -1.5049799178509258,
                -0.701426842365172
            ],
            "3sigma": [
                -1.6929760373324232,
                -0.4336629092522778
            ],
            "5sigma": [
                -2.5737453346799373,
                -0.10982876746781796
            ],
            "q75%": -0.9440383114711834,
            "q25%": -1.2492010024171778,
            "q99%": -0.609227077603864,
            "q01%": -1.595584865031879,
            "q90%": -0.8216959261222216,
            "q10%": -1.3668521152455086
        },
        {
            "median": 0.869923038111366,
            "sigma": 0.12291062661033153,
            "1sigma": [
                0.7157393569838475,
                0.9615606102045106
            ],
            "2sigma": [
                0.5800435095025812,
                0.9930205107004774
            ],
            "3sigma": [
                0.4534288616754941,
                0.999807772859259
            ],
            "5sigma": [
                0.36233856159784666,
                0.9999798796483291
            ],
            "q75%": 0.9377421619561537,
            "q25%": 0.7712599595967813,
            "q99%": 0.9964036980089499,
            "q01%": 0.5448891627943621,
            "q90%": 0.9741545223396907,
            "q10%": 0.6699489791200304
        },
        {
            "median": -1.4393532778646212,
            "sigma": 1.6037850252779207,
            "1sigma": [
                -3.091212721914672,
                0.11635732864116924
            ],
            "2sigma": [
                -3.8120912793204664,
                0.8427781972997876
            ],
            "3sigma": [
                -3.9801511609918663,
                0.9937043062891848
            ],
            "5sigma": [
                -3.988749811062887,
                0.9998799979177126
            ],
            "q75%": -0.3236605840563407,
            "q25%": -2.612027228654808,
            "q99%": 0.9148378619788369,
            "q01%": -3.937486412659743,
            "q90%": 0.4512398953812656,
            "q10%": -3.3721572541810643
        },
        {
            "median": -3.4671964564878994,
            "sigma": 0.21921833032449278,
            "1sigma": [
                -3.6927935440929187,
                -3.254356883443933
            ],