{
    "modes": [
        {
            "index": 0,
            "strictly local log-evidence": -7.818185258068693,
            "strictly local log-evidence error": 0.10423016075578517,
            "local log-evidence": -7.818185258068693,
            "local log-evidence error": 0.10423016075578517,
            "mean": [
                -5.261505677299365,
                -1.1970151827240105,
                520.430243841771,
                2011.457016810114,
                -2.8701018255972057,
                0.16037706046770792,
                -1.5572053793487797,
                -5.396201252045189,
                -3.4600517052317774,
                -5.0019443458765585,
                -5.12493597401382,
                -4.8867476207982135,
                -4.538680305317257
            ],
            "sigma": [
                2.020735995812822,
                2.8766474816619194,
                250.64108452433453,
                522.6211261142885,
                3.2226637015464332,
                0.4528550411911685,
                1.2594705991896518,
                2.391559801718275,
                1.7356391523785044,
                2.5423919026772674,
                2.514162925630228,
                2.524269532012969,
                2.6102175985487737
            ],
            "maximum": [
                -6.3880966362964,
                -4.708352119949914,
                177.43526470340913,
                2015.030882702359,
                -0.5903127515010329,
                0.22479671244962596,
                -1.3861578951058893,
                -6.195224126578736,
                -4.758162236047969,
                -6.834927184989188,
                -8.147215407446554,
                -2.7325848712675507,
                -5.924113746154356
            ],
            "maximum a posterior": [
                -3.1882976596830437,
                0.5843825483176168,
                368.35527407455646,
                1263.178425238828,
                1.4678065492821393,
                -0.4806083712392232,
                -2.7840935195095646,
                -3.4057795051722586,
                -2.939982563430343,
                -3.7025974685337415,
                -9.817454994545256,
                -7.176654433822122,
                -2.5456496957459827
            ]
        }
    ],
    "nested sampling global log-evidence": -4.493406671801833,
    "nested sampling global log-evidence error": 0.08149257011354169,
    "global evidence": -7.818185258068693,
    "global evidence error": 0.10423016075578517,
    "nested importance sampling global log-evidence": -7.818185258068693,
    "nested importance sampling global log-evidence error": 0.10423016075578517,
    "marginals": [
        {
            "median": -5.310914111473306,
            "sigma": 2.0401495084045127,
            "1sigma": [
                -7.268283620897563,
                -3.1879846040885376
            ],
            "2sigma": [
                -9.322568740852132,
                -1.4711266355447556
            ],
            "3sigma": [
                -9.961088069387777,
                -0.1954654872392087
            ],
            "5sigma": [
                -9.998863578442272,
                -0.007700166957108158
            ],
            "q75%": -3.787455225612202,
            "q25%": -6.570837596997179,
            "q99%": -0.7939912868626913,
            "q01%": -9.694363082288831,
            "q90%": -2.5854734283935445,
            "q10%": -8.021357650530238
        },
        {
            "median": -1.5064005634748514,
            "sigma": 3.2050398217736835,
            "1sigma": [
                -4.153668814003906,
                2.2564108295434613
            ],
            "2sigma": [
                -5.609368893794585,
                4.845473743689841
            ],
            "3sigma": [
                -5.967727508554314,
                5.91686194712999
            ],
            "5sigma": [
                -5.9834272013290235,
                5.9974143304835
            ],
            "q75%": 0.5671700960498888,
            "q25%": -3.465421326254112,
            "q99%": 5.6425202009517,
            "q01%": -5.83454558340885,
            "q90%": 3.2241500552597366,
            "q10%": -4.746032611191378
        },
        {
            "median": 523.7687483548042,
            "sigma": 281.7307062347029,
            "1sigma": [
                235.54846238917108,
                799.0098748585768
            ],
            "2sigma": [
                58.20637540924161,
                954.1271178242503
            ],
            "3sigma": [
                12.520562158771998,
                992.9971721095808
            ],
            "5sigma": [
                0.36714914768433426,
                998.7305145316453
            ],
            "q75%": 727.5243999976811,
            "q25%": 323.1598551670129,
            "q99%": 983.5107007115141,
            "q01%": 31.10173284629972,
            "q90%": 853.6148749435552,
            "q10%": 173.4191587751958
        },
        {
            "median": 2000.2992233738528,
            "sigma": 594.5183797479094,
            "1sigma": [
                1420.1674070544786,
                2609.2041665502975
            ],
            "2sigma": [
                1108.030904184358,
                2943.4236124873014
            ],
            "3sigma": [
                1008.8193903009957,
                3370.0909414843372
            ],
            "5sigma": [
                1004.226063609277,
                3495.354030204608
            ],
            "q75%": 2441.349913373557,
            "q25%": 1594.02182071561,
            "q99%": 3104.8827030218195,
            "q01%": 1036.6101973174152,
            "q90%": 2709.0940528721767,
            "q10%": 1306.6231787866295
        },
        {
            "median": -3.090197808586489,
            "sigma": 3.269543710484064,
            "1sigma": [
                -6.18492473685024,
                0.35416268411788804
            ],
            "2sigma": [
                -8.432052950877557,
                4.380364410416294
            ],
            "3sigma": [
                -8.934955544249927,
                5.818047829348396
            ],
            "5sigma": [
                -8.986352920532227,
                5.937256251649871
            ],
            "q75%": -0.8597555861772127,
            "q25%": -5.17903957463781,
            "q99%": 5.166981928459933,
            "q01%": -8.758760875535394,
            "q90%": 1.407188571474902,
            "q10%": -7.127252876718134
        },
        {
            "median": 0.2365595621273824,
            "sigma": 0.4713015420962944,
            "1sigma": [
                -0.3385806964244924,
                0.6040223877680964
            ],
            "2sigma": [
                -0.8251075671375858,
                0.893270956471722
            ],
            "3sigma": [
                -0.9907735992348841,
                0.9905074593178628
            ],
            "5sigma": [
                -0.99784944598226,
                0.9953581709206072
            ],
            "q75%": 0.4957287998016172,
            "q25%": -0.14830771377466376,
            "q99%": 0.9440144926963124,
            "q01%": -0.9180593136178937,
            "q90%": 0.6986478097990493,
            "q10%": -0.509338427691883
        },
        {
            "median": -1.591273386218358,
            "sigma": 1.3880810441301032,
            "1sigma": [
                -2.917132940514822,
                -0.14097085225461548
            ],
            "2sigma": [
                -3.8108214637028843,
                0.7667739828524105
            ],
            "3sigma": [
                -3.994035944117785,
                0.9640115172905622
            ],
            "5sigma": [
                -3.9991689583699754,
                0.9984691675453723
            ],